feature_clustered,groups,nRMSE,cos_sim,temporal_rho,temporal_p,cell
peak_amp,Low-High,0.118015,0.990629,-0.792831,0,1
peak_sharpness,Low-High,0.106572,0.995538,-0.627826,5.09842e-187,1
exp_lambda,Low-High,0.066868,0.990404,-0.529923,1.0418e-123,1
log_isi,Low-Mid,0.0538092,0.99884,0.318614,2.16598e-41,1
log_isi,Low-High,0.0494285,0.998279,0.318614,2.16598e-41,1
log_isi,Mid-High,0.00974457,0.999397,0.318614,2.16598e-41,1
exp_lambda,Low-High,0.0121419,0.996378,0.00476732,0.889684,2
peak_amp,Low-High,0.16849,0.999906,-0.724444,7.76283e-111,3
log_isi,Low-High,0.0827905,0.999148,0.193094,4.38785e-07,3
peak_amp,Low-High,0.131504,0.988221,0.860392,0,4
log_isi,Low-High,0.0954331,0.997832,-0.293386,1.71805e-30,4
inflection_time,Low-High,0.0363342,0.997693,0.34892,2.59876e-269,5
inflection_amp,Low-High,0.0263944,0.998905,0.170537,9.72494e-63,5
peak_amp,Low-High,0.0273552,0.998732,-0.227847,8.48545e-112,5
peak_width,Low-High,0.036701,0.997634,0.318397,3.98626e-222,5
peak_sharpness,Low-High,0.0137401,0.999696,-0.0970322,2.94474e-21,5
log_isi,Low-High,0.00359897,0.999988,0.00346297,0.73614,5
peak_width,Low-Mid,0.0496385,0.98008,0.823305,0,6
peak_width,Low-High,0.0809558,0.928943,0.823305,0,6
peak_width,Mid-High,0.0450593,0.980194,0.823305,0,6
exp_lambda,Low-High,0.0645123,0.953887,-0.628434,0,6
log_isi,Low-Mid,0.0299188,0.99304,0.0192849,0.0616968,6
log_isi,Low-High,0.0423038,0.980968,0.0192849,0.0616968,6
log_isi,Mid-High,0.022117,0.996254,0.0192849,0.0616968,6
peak_sharpness,Low-High,0.0324651,0.98865,-0.798375,0,7
log_isi,Low-High,0.0126843,0.998301,-0.175188,2.70739e-83,7
peak_width,Low-Mid,0.034711,0.995331,-0.211584,1.60794e-50,8
peak_width,Low-High,0.108787,0.936636,-0.211584,1.60794e-50,8
peak_width,Mid-High,0.0842652,0.961957,-0.211584,1.60794e-50,8
log_isi,Low-High,0.0221793,0.997503,0.0130451,0.362243,8
peak_amp,Low-Mid,0.0580463,0.978183,-0.733122,2.38995e-180,10
peak_amp,Low-High,0.0838241,0.935663,-0.733122,2.38995e-180,10
peak_amp,Mid-High,0.0405796,0.985932,-0.733122,2.38995e-180,10
log_isi,Low-Mid,0.0164201,0.997485,-0.0784842,0.0104004,10
log_isi,Low-High,0.0172658,0.997272,-0.0784842,0.0104004,10
log_isi,Mid-High,0.0091213,0.999275,-0.0784842,0.0104004,10
peak_width,Low-High,0.0181255,0.993711,0.287527,1.99695e-140,12
log_isi,Low-Mid,0.0100096,0.998044,-0.0595095,3.13894e-07,12
log_isi,Low-High,0.0106775,0.997605,-0.0595095,3.13894e-07,12
log_isi,Mid-High,0.00696662,0.999889,-0.0595095,3.13894e-07,12
log_isi,Low-Mid,0.00831422,0.999504,-0.0764081,5.48363e-06,13
log_isi,Low-High,0.0093347,0.999286,-0.0764081,5.48363e-06,13
log_isi,Mid-High,0.00338174,0.999891,-0.0764081,5.48363e-06,13
peak_sharpness,Low-High,0.0623559,0.976882,0.0111437,0.384151,14
log_isi,Low-Mid,0.0647583,0.967051,-0.255212,2.6159e-91,14
log_isi,Low-High,0.0400318,0.990237,-0.255212,2.6159e-91,14
log_isi,Mid-High,0.0380318,0.987785,-0.255212,2.6159e-91,14
log_isi,Low-Mid,0.0159515,0.995221,-0.0234723,0.185666,15
log_isi,Low-High,0.02018,0.993061,-0.0234723,0.185666,15
log_isi,Mid-High,0.00695478,0.999505,-0.0234723,0.185666,15
peak_sharpness,Low-High,0.0888533,0.941165,0.306554,2.14917e-162,19
exp_lambda,Low-High,0.109833,0.930036,-0.267464,1.22959e-122,19
log_isi,Low-High,0.0905979,0.945725,0.00595763,0.606574,19
peak_amp,Low-High,0.0382638,0.998007,0.479585,2.16191e-22,20
log_isi,Low-High,0.0297287,0.990912,-0.00717365,0.891509,20
peak_amp,Low-Mid,0.185069,0.873282,-0.236256,8.06368e-159,21
peak_amp,Low-High,0.238823,0.847745,-0.236256,8.06368e-159,21
peak_amp,Mid-High,0.110846,0.996948,-0.236256,8.06368e-159,21
peak_width,Low-Mid,0.0644909,0.96676,0.277642,5.34336e-221,21
peak_width,Low-High,0.242266,0.681504,0.277642,5.34336e-221,21
peak_width,Mid-High,0.241684,0.665171,0.277642,5.34336e-221,21
peak_sharpness,Low-High,0.223729,0.725904,-0.618369,0,21
inflection_time,Low-High,0.0806875,0.951853,0.718049,0,22
peak_width,Low-High,0.0819181,0.942724,0.841215,0,22
peak_sharpness,Low-High,0.0770293,0.949855,-0.735019,0,22
exp_lambda,Low-High,0.0749003,0.951527,0.753085,0,22
log_isi,Low-High,0.014354,0.99806,-0.0625997,2.20231e-07,22
peak_width,Low-High,0.0240276,0.99821,0.610912,1.2258e-78,23
log_isi,Low-High,0.00969852,0.999905,0.18831,1.83004e-07,23
peak_width,Low-High,0.133388,0.995651,-0.243626,2.64067e-78,24
log_isi,Low-Mid,0.0590034,0.986002,-0.219961,8.30249e-64,24
log_isi,Low-High,0.0557456,0.994675,-0.219961,8.30249e-64,24
log_isi,Mid-High,0.0309019,0.99362,-0.219961,8.30249e-64,24
inflection_time,Low-High,0.0544634,0.982643,0.466234,0,25
peak_width,Low-High,0.0542349,0.979118,0.696426,0,25
exp_lambda,Low-High,0.0261955,0.994481,0.0632177,3.59754e-07,25
log_isi,Low-High,0.0490007,0.981851,-0.0535797,4.32773e-05,26
inflection_amp,Low-High,0.067361,0.995814,-0.00825626,0.541273,27
peak_amp,Low-High,0.0569212,0.994748,0.0206463,0.126567,27
peak_width,Low-High,0.0446529,0.997137,-0.0334351,0.0133404,27
peak_sharpness,Low-High,0.117503,0.977211,0.0215052,0.111531,27
log_isi,Low-High,0.0723086,0.99199,0.0158823,0.239957,27
peak_width,Low-High,0.0133757,0.996554,0.100815,1.02038e-06,28
peak_sharpness,Low-High,0.0471599,0.976718,0.128733,4.07093e-10,28
log_isi,Low-High,0.00594463,0.999236,-0.136673,3.15809e-11,28
log_isi,Low-Mid,0.0137479,0.999493,-0.176436,2.35344e-09,29
log_isi,Low-High,0.0216987,0.999129,-0.176436,2.35344e-09,29
log_isi,Mid-High,0.00924833,0.999844,-0.176436,2.35344e-09,29
exp_lambda,Low-High,0.0341197,0.982484,0.414724,1.39743e-73,31
log_isi,Low-High,0.0511178,0.962505,-0.0780371,0.00110071,31
peak_amp,Low-High,0.09466,0.994966,-0.829478,0,32
peak_sharpness,Low-High,0.0874194,0.995837,-0.788397,0,32
log_isi,Low-High,0.0118706,0.999375,-0.105425,1.37103e-08,32
peak_amp,Low-High,0.0942435,0.99713,-0.493959,4.11115e-195,33
log_isi,Low-High,0.025076,0.998881,-0.0229414,0.196169,33
log_isi,Low-High,0.0112017,0.999909,0.0596427,0.0189733,34
peak_width,Low-High,0.0252186,0.993005,0.469765,2.57601e-37,35
exp_lambda,Low-High,0.0263018,0.991397,0.217154,1.92715e-08,35
log_isi,Low-Mid,0.00766706,0.999538,0.0704722,0.0714843,35
log_isi,Low-High,0.0100222,0.999428,0.0704722,0.0714843,35
log_isi,Mid-High,0.00517364,0.99977,0.0704722,0.0714843,35
peak_amp,Low-High,0.0446635,0.997335,0.794537,0,36
log_isi,Low-High,0.0101394,0.999147,-0.00465635,0.908704,37
log_isi,Low-High,0.0055621,0.999885,-0.0707415,1.29581e-05,38
log_isi,Low-Mid,0.105508,0.983524,0.130705,8.061e-10,40
log_isi,Low-High,0.0938825,0.985451,0.130705,8.061e-10,40
log_isi,Mid-High,0.0163571,0.999939,0.130705,8.061e-10,40
peak_amp,Low-High,0.0667032,0.99743,-0.810107,0,41
log_isi,Low-High,0.00620092,0.999438,0.0364647,0.039517,41
peak_amp,Low-High,0.144666,0.975731,-0.760732,3.2523e-157,42
peak_width,Low-High,0.108838,0.975052,0.663495,3.55087e-106,42
log_isi,Low-High,0.11957,0.991709,0.0837776,0.0159597,42
peak_amp,Low-High,0.0593613,0.976857,-0.550983,5.18743e-165,44
exp_lambda,Low-High,0.0463512,0.980512,0.29452,8.85738e-43,44
log_isi,Low-High,0.00501545,0.999785,-0.0595284,0.00670581,44
peak_width,Low-Mid,0.0741617,0.968652,0.852353,0,45
peak_width,Low-High,0.12188,0.906946,0.852353,0,45
peak_width,Mid-High,0.0502793,0.98251,0.852353,0,45
exp_lambda,Low-Mid,0.121176,0.909021,0.398419,5.84354e-256,45
exp_lambda,Low-High,0.0711649,0.971953,0.398419,5.84354e-256,45
exp_lambda,Mid-High,0.0547861,0.980269,0.398419,5.84354e-256,45
log_isi,Low-High,0.0217229,0.997661,-0.100727,1.04036e-16,45
exp_lambda,Low-High,0.0119429,0.999707,-0.0560604,3.67948e-06,46
log_isi,Low-High,0.012898,0.997685,-0.0364668,0.00261812,46
