Varying Metadata,Fixed Metadata,Varying Value,Count
dendriticType,"SomaLayerLoc=2, brainOrigin=PFC, Sex=F, Age=9.96, Species=Macaca fascicularis",A,608
dendriticType,"SomaLayerLoc=2, brainOrigin=PFC, Sex=F, Age=9.96, Species=Macaca fascicularis",S,206
dendriticType,"SomaLayerLoc=3, brainOrigin=PFC, Sex=F, Age=9.96, Species=Macaca fascicularis",A,622
dendriticType,"SomaLayerLoc=3, brainOrigin=PFC, Sex=F, Age=9.96, Species=Macaca fascicularis",S,842
dendriticType,"SomaLayerLoc=3, brainOrigin=PFC, Sex=M, Age=5.11, Species=Macaca fascicularis",A,420
dendriticType,"SomaLayerLoc=3, brainOrigin=PFC, Sex=M, Age=5.11, Species=Macaca fascicularis",S,902
dendriticType,"SomaLayerLoc=3, brainOrigin=V1, Sex=M, Age=7.65, Species=Macaca fascicularis",S,1408
dendriticType,"SomaLayerLoc=3, brainOrigin=V1, Sex=M, Age=7.65, Species=Macaca fascicularis",A,3026
dendriticType,"SomaLayerLoc=3, brainOrigin=V1, Sex=M, Age=12.14, Species=Macaca mulatta",A,1286
dendriticType,"SomaLayerLoc=3, brainOrigin=V1, Sex=M, Age=12.14, Species=Macaca mulatta",S,120
dendriticType,"SomaLayerLoc=3, brainOrigin=V1, Sex=M, Age=12.14, Species=Macaca mulatta",NA,40
dendriticType,"SomaLayerLoc=3, brainOrigin=V1, Sex=M, Age=14.0, Species=Macaca fascicularis",S,60
dendriticType,"SomaLayerLoc=3, brainOrigin=V1, Sex=M, Age=14.0, Species=Macaca fascicularis",A,6
dendriticType,"SomaLayerLoc=3, brainOrigin=V1, Sex=M, Age=14.0, Species=Macaca fascicularis",NA,6
dendriticType,"SomaLayerLoc=2_3, brainOrigin=V1, Sex=M, Age=14.0, Species=Macaca fascicularis",S,270
dendriticType,"SomaLayerLoc=2_3, brainOrigin=V1, Sex=M, Age=14.0, Species=Macaca fascicularis",A,624
dendriticType,"SomaLayerLoc=5_6, brainOrigin=PFC, Sex=F, Age=11.58, Species=Macaca fascicularis",S,384
dendriticType,"SomaLayerLoc=5_6, brainOrigin=PFC, Sex=F, Age=11.58, Species=Macaca fascicularis",NA,288
dendriticType,"SomaLayerLoc=5_6, brainOrigin=PFC, Sex=M, Age=5.11, Species=Macaca fascicularis",A,2702
dendriticType,"SomaLayerLoc=5_6, brainOrigin=PFC, Sex=M, Age=5.11, Species=Macaca fascicularis",S,132
dendriticType,"SomaLayerLoc=NA, brainOrigin=PFC, Sex=M, Age=5.11, Species=Macaca fascicularis",NA,2784
dendriticType,"SomaLayerLoc=NA, brainOrigin=PFC, Sex=M, Age=5.11, Species=Macaca fascicularis",A,480
SomaLayerLoc,"dendriticType=A, brainOrigin=PFC, Sex=F, Age=9.96, Species=Macaca fascicularis",3,622
SomaLayerLoc,"dendriticType=A, brainOrigin=PFC, Sex=F, Age=9.96, Species=Macaca fascicularis",2,608
SomaLayerLoc,"dendriticType=A, brainOrigin=PFC, Sex=M, Age=4.39, Species=Macaca fascicularis",4,120
SomaLayerLoc,"dendriticType=A, brainOrigin=PFC, Sex=M, Age=4.39, Species=Macaca fascicularis",5_6,108
SomaLayerLoc,"dendriticType=A, brainOrigin=PFC, Sex=M, Age=4.39, Species=Macaca fascicularis",3,984
SomaLayerLoc,"dendriticType=A, brainOrigin=PFC, Sex=M, Age=5.11, Species=Macaca fascicularis",5_6,2702
SomaLayerLoc,"dendriticType=A, brainOrigin=PFC, Sex=M, Age=5.11, Species=Macaca fascicularis",3,420
SomaLayerLoc,"dendriticType=A, brainOrigin=PFC, Sex=M, Age=5.11, Species=Macaca fascicularis",NA,480
SomaLayerLoc,"dendriticType=A, brainOrigin=V1, Sex=M, Age=12.14, Species=Macaca mulatta",3,1286
SomaLayerLoc,"dendriticType=A, brainOrigin=V1, Sex=M, Age=12.14, Species=Macaca mulatta",4,146
SomaLayerLoc,"dendriticType=A, brainOrigin=V1, Sex=M, Age=14.0, Species=Macaca fascicularis",4,8
SomaLayerLoc,"dendriticType=A, brainOrigin=V1, Sex=M, Age=14.0, Species=Macaca fascicularis",3,6
SomaLayerLoc,"dendriticType=A, brainOrigin=V1, Sex=M, Age=14.0, Species=Macaca fascicularis",2_3,624
SomaLayerLoc,"dendriticType=NA, brainOrigin=PFC, Sex=F, Age=11.58, Species=Macaca fascicularis",NA,2000
SomaLayerLoc,"dendriticType=NA, brainOrigin=PFC, Sex=F, Age=11.58, Species=Macaca fascicularis",5_6,288
SomaLayerLoc,"dendriticType=NA, brainOrigin=V1, Sex=M, Age=12.14, Species=Macaca mulatta",3,40
SomaLayerLoc,"dendriticType=NA, brainOrigin=V1, Sex=M, Age=12.14, Species=Macaca mulatta",NA,334
SomaLayerLoc,"dendriticType=NA, brainOrigin=V1, Sex=M, Age=14.0, Species=Macaca fascicularis",5_6,2
SomaLayerLoc,"dendriticType=NA, brainOrigin=V1, Sex=M, Age=14.0, Species=Macaca fascicularis",NA,576
SomaLayerLoc,"dendriticType=NA, brainOrigin=V1, Sex=M, Age=14.0, Species=Macaca fascicularis",3,6
SomaLayerLoc,"dendriticType=S, brainOrigin=PFC, Sex=F, Age=9.96, Species=Macaca fascicularis",3,842
SomaLayerLoc,"dendriticType=S, brainOrigin=PFC, Sex=F, Age=9.96, Species=Macaca fascicularis",4,384
SomaLayerLoc,"dendriticType=S, brainOrigin=PFC, Sex=F, Age=9.96, Species=Macaca fascicularis",2,206
SomaLayerLoc,"dendriticType=S, brainOrigin=PFC, Sex=M, Age=5.11, Species=Macaca fascicularis",4,16
SomaLayerLoc,"dendriticType=S, brainOrigin=PFC, Sex=M, Age=5.11, Species=Macaca fascicularis",3,902
SomaLayerLoc,"dendriticType=S, brainOrigin=PFC, Sex=M, Age=5.11, Species=Macaca fascicularis",5_6,132
SomaLayerLoc,"dendriticType=S, brainOrigin=V1, Sex=M, Age=7.65, Species=Macaca fascicularis",3,1408
SomaLayerLoc,"dendriticType=S, brainOrigin=V1, Sex=M, Age=7.65, Species=Macaca fascicularis",2,446
SomaLayerLoc,"dendriticType=S, brainOrigin=V1, Sex=M, Age=7.65, Species=Macaca fascicularis",4,462
SomaLayerLoc,"dendriticType=S, brainOrigin=V1, Sex=M, Age=14.0, Species=Macaca fascicularis",3,60
SomaLayerLoc,"dendriticType=S, brainOrigin=V1, Sex=M, Age=14.0, Species=Macaca fascicularis",2,136
SomaLayerLoc,"dendriticType=S, brainOrigin=V1, Sex=M, Age=14.0, Species=Macaca fascicularis",2_3,270
Age,"dendriticType=A, SomaLayerLoc=3, brainOrigin=PFC, Sex=M, Species=Macaca fascicularis",4.39,984
Age,"dendriticType=A, SomaLayerLoc=3, brainOrigin=PFC, Sex=M, Species=Macaca fascicularis",5.11,420
Age,"dendriticType=A, SomaLayerLoc=3, brainOrigin=V1, Sex=M, Species=Macaca fascicularis",14.0,6
Age,"dendriticType=A, SomaLayerLoc=3, brainOrigin=V1, Sex=M, Species=Macaca fascicularis",7.65,3026
Age,"dendriticType=A, SomaLayerLoc=5_6, brainOrigin=PFC, Sex=M, Species=Macaca fascicularis",4.39,108
Age,"dendriticType=A, SomaLayerLoc=5_6, brainOrigin=PFC, Sex=M, Species=Macaca fascicularis",5.11,2702
Age,"dendriticType=NA, SomaLayerLoc=NA, brainOrigin=PFC, Sex=F, Species=Macaca fascicularis",9.96,1668
Age,"dendriticType=NA, SomaLayerLoc=NA, brainOrigin=PFC, Sex=F, Species=Macaca fascicularis",11.58,2000
Age,"dendriticType=NA, SomaLayerLoc=NA, brainOrigin=PFC, Sex=M, Species=Macaca fascicularis",4.39,2444
Age,"dendriticType=NA, SomaLayerLoc=NA, brainOrigin=PFC, Sex=M, Species=Macaca fascicularis",4.76,44
Age,"dendriticType=NA, SomaLayerLoc=NA, brainOrigin=PFC, Sex=M, Species=Macaca fascicularis",5.11,2784
Age,"dendriticType=NA, SomaLayerLoc=NA, brainOrigin=V1, Sex=M, Species=Macaca fascicularis",14.0,576
Age,"dendriticType=NA, SomaLayerLoc=NA, brainOrigin=V1, Sex=M, Species=Macaca fascicularis",7.65,8
Age,"dendriticType=S, SomaLayerLoc=2, brainOrigin=V1, Sex=M, Species=Macaca fascicularis",14.0,136
Age,"dendriticType=S, SomaLayerLoc=2, brainOrigin=V1, Sex=M, Species=Macaca fascicularis",7.65,446
Age,"dendriticType=S, SomaLayerLoc=3, brainOrigin=V1, Sex=M, Species=Macaca fascicularis",14.0,60
Age,"dendriticType=S, SomaLayerLoc=3, brainOrigin=V1, Sex=M, Species=Macaca fascicularis",7.65,1408
Age,"dendriticType=S, SomaLayerLoc=3, brainOrigin=V1, Sex=M, Species=Macaca mulatta",12.69,74
Age,"dendriticType=S, SomaLayerLoc=3, brainOrigin=V1, Sex=M, Species=Macaca mulatta",12.14,120
